item_id,timestamp,value
ts1,2021-04-08 19:00:00,434.65944440000004
ts1,2021-04-08 20:00:00,340.2322222
ts1,2021-04-08 21:00:00,679.2208333
ts1,2021-04-08 22:00:00,453.5072222
ts1,2021-04-08 23:00:00,345.1858333
ts1,2021-04-09 00:00:00,290.3736111
ts1,2021-04-09 01:00:00,246.7538889
ts1,2021-04-09 02:00:00,244.25777779999999
ts1,2021-04-09 03:00:00,253.0988889
ts1,2021-04-09 04:00:00,295.52888889999997
ts1,2021-04-09 05:00:00,349.0716667
ts1,2021-04-09 06:00:00,323.8838889
ts1,2021-04-09 07:00:00,372.4416667
ts1,2021-04-09 08:00:00,327.3486111
ts1,2021-04-09 09:00:00,323.1577778
ts1,2021-04-09 10:00:00,294.9191667
ts1,2021-04-09 11:00:00,318.91333330000003
ts1,2021-04-09 12:00:00,335.9491667
ts1,2021-04-09 13:00:00,320.1966667
ts1,2021-04-09 14:00:00,332.6883333
ts1,2021-04-09 15:00:00,338.9352778
ts1,2021-04-09 16:00:00,294.0738889
ts1,2021-04-09 17:00:00,312.0788889
ts1,2021-04-09 18:00:00,515.0252778
ts1,2021-04-09 19:00:00,365.975
ts1,2021-04-09 20:00:00,377.99944439999996
ts1,2021-04-09 21:00:00,730.0936111000001
ts1,2021-04-09 22:00:00,475.22888889999996
ts1,2021-04-09 23:00:00,382.4047222
ts1,2021-04-10 00:00:00,306.2483333
ts1,2021-04-10 01:00:00,294.2472222
ts1,2021-04-10 02:00:00,275.0227778
ts1,2021-04-10 03:00:00,299.52777779999997
ts1,2021-04-10 04:00:00,262.3183333
ts1,2021-04-10 05:00:00,295.9725
ts1,2021-04-10 06:00:00,262.2855556
ts1,2021-04-10 07:00:00,271.80555560000005
ts1,2021-04-10 08:00:00,290.99305560000005
ts1,2021-04-10 09:00:00,268.0844444
ts1,2021-04-10 10:00:00,260.9019444
ts1,2021-04-10 11:00:00,276.8952778
ts1,2021-04-10 12:00:00,260.7608333
ts1,2021-04-10 13:00:00,256.9533333
ts1,2021-04-10 14:00:00,245.0211111
ts1,2021-04-10 15:00:00,279.01055560000003
ts1,2021-04-10 16:00:00,261.2905556
ts1,2021-04-10 17:00:00,275.6266667
ts1,2021-04-10 18:00:00,485.215
ts1,2021-04-10 19:00:00,462.095
ts1,2021-04-10 20:00:00,323.34722220000003
ts1,2021-04-10 21:00:00,692.595
ts1,2021-04-10 22:00:00,428.90055559999996
ts1,2021-04-10 23:00:00,345.4391667
ts1,2021-04-11 00:00:00,282.9622222
ts1,2021-04-11 01:00:00,288.3797222
ts1,2021-04-11 02:00:00,283.3311111
ts1,2021-04-11 03:00:00,257.3730556
ts1,2021-04-11 04:00:00,285.6216667
ts1,2021-04-11 05:00:00,284.6536111
ts1,2021-04-11 06:00:00,274.1638889
ts1,2021-04-11 07:00:00,279.4791667
ts1,2021-04-11 08:00:00,275.5147222
ts1,2021-04-11 09:00:00,263.83055559999997
ts1,2021-04-11 10:00:00,250.7455556
ts1,2021-04-11 11:00:00,256.9330556
ts1,2021-04-11 12:00:00,277.5077778
ts1,2021-04-11 13:00:00,254.5541667
ts1,2021-04-11 14:00:00,277.14
ts1,2021-04-11 15:00:00,249.5263889
ts1,2021-04-11 16:00:00,241.58944440000002
ts1,2021-04-11 17:00:00,263.0458333
ts1,2021-04-11 18:00:00,367.0208333
ts1,2021-04-11 19:00:00,332.5905556
ts1,2021-04-11 20:00:00,278.5016667
ts1,2021-04-11 21:00:00,543.3908332999999
ts1,2021-04-11 22:00:00,305.1891667
ts1,2021-04-11 23:00:00,297.9258333
ts1,2021-04-12 00:00:00,293.9922222
ts1,2021-04-12 01:00:00,286.86555560000005
ts1,2021-04-12 02:00:00,286.5508333
ts1,2021-04-12 03:00:00,274.3325
ts1,2021-04-12 04:00:00,421.6105556
ts1,2021-04-12 05:00:00,328.7413889
ts1,2021-04-12 06:00:00,318.6375
ts1,2021-04-12 07:00:00,623.1191667
ts1,2021-04-12 08:00:00,603.9313889
ts1,2021-04-12 09:00:00,569.8183333
ts1,2021-04-12 10:00:00,565.9405556
ts1,2021-04-12 11:00:00,585.9944444
ts1,2021-04-12 12:00:00,589.7019444
ts1,2021-04-12 13:00:00,646.8525
ts1,2021-04-12 14:00:00,588.63
ts1,2021-04-12 15:00:00,644.1644444
ts1,2021-04-12 16:00:00,665.7944444
ts1,2021-04-12 17:00:00,685.6494444
ts1,2021-04-12 18:00:00,790.2827778
ts1,2021-04-12 19:00:00,740.7855556
ts1,2021-04-12 20:00:00,671.165
ts1,2021-04-12 21:00:00,947.3
ts1,2021-04-12 22:00:00,702.655
ts1,2021-04-12 23:00:00,684.3980556
ts1,2021-04-13 00:00:00,760.4072222
ts1,2021-04-13 01:00:00,684.8622222
ts1,2021-04-13 02:00:00,673.3247222
ts1,2021-04-13 03:00:00,682.3322222
ts1,2021-04-13 04:00:00,639.1902778
ts1,2021-04-13 05:00:00,641.4327777999999
ts1,2021-04-13 06:00:00,693.5230556
ts1,2021-04-13 07:00:00,643.6197222
ts1,2021-04-13 08:00:00,674.2158333
ts1,2021-04-13 09:00:00,614.31
ts1,2021-04-13 10:00:00,569.4527778
ts1,2021-04-13 11:00:00,585.1466667000001
ts1,2021-04-13 12:00:00,606.7055556
ts1,2021-04-13 13:00:00,604.3425
ts1,2021-04-13 14:00:00,611.6566667000001
ts1,2021-04-13 15:00:00,643.4113888999999
ts1,2021-04-13 16:00:00,598.4983333
ts1,2021-04-13 17:00:00,644.3508333
ts1,2021-04-13 18:00:00,749.1258333
ts1,2021-04-13 19:00:00,708.3930556
ts1,2021-04-13 20:00:00,677.2336111000001
ts1,2021-04-13 21:00:00,816.7055556
ts1,2021-04-13 22:00:00,688.725
ts1,2021-04-13 23:00:00,655.3925
ts1,2021-04-14 00:00:00,706.1144444
ts1,2021-04-14 01:00:00,598.3547222
ts1,2021-04-14 02:00:00,636.9827778
ts1,2021-04-14 03:00:00,673.3813888999999
ts1,2021-04-14 04:00:00,604.085
ts1,2021-04-14 05:00:00,630.6386111
ts1,2021-04-14 06:00:00,656.0538889
ts1,2021-04-14 07:00:00,682.1158333
ts1,2021-04-14 08:00:00,667.4047222
ts1,2021-04-14 09:00:00,643.0977778
ts1,2021-04-14 10:00:00,642.305
ts1,2021-04-14 11:00:00,1215.7125
ts1,2021-04-14 12:00:00,1512.2688890000002
ts1,2021-04-14 13:00:00,586.7772222
ts1,2021-04-14 14:00:00,648.8430556
ts1,2021-04-14 15:00:00,680.9944444
ts1,2021-04-14 16:00:00,637.9991667
ts1,2021-04-14 17:00:00,647.6075
ts1,2021-04-14 18:00:00,731.5275
ts1,2021-04-14 19:00:00,712.4597222
ts1,2021-04-14 20:00:00,712.0711111
ts1,2021-04-14 21:00:00,951.3441667000001
ts1,2021-04-14 22:00:00,787.8422222
ts1,2021-04-14 23:00:00,637.5475
ts1,2021-04-15 00:00:00,688.7391667
ts1,2021-04-15 01:00:00,665.2708332999999
ts1,2021-04-15 02:00:00,651.8041667
ts1,2021-04-15 03:00:00,651.9808333
ts1,2021-04-15 04:00:00,643.1058333
ts1,2021-04-15 05:00:00,670.4636111000001
ts1,2021-04-15 06:00:00,680.4125
ts1,2021-04-15 07:00:00,723.9577778
ts1,2021-04-15 08:00:00,758.1969444
ts1,2021-04-15 09:00:00,741.8422222
ts1,2021-04-15 10:00:00,675.4044444
ts1,2021-04-15 11:00:00,661.2197222
ts1,2021-04-15 12:00:00,705.3077777999999
ts1,2021-04-15 13:00:00,672.465
ts1,2021-04-15 14:00:00,727.7313889
ts1,2021-04-15 15:00:00,734.6563888999999
ts1,2021-04-15 16:00:00,655.8569444
ts1,2021-04-15 17:00:00,614.3622222
ts1,2021-04-15 18:00:00,758.5244444
ts1,2021-04-15 19:00:00,712.8519444
ts1,2021-04-15 20:00:00,691.7922222
ts1,2021-04-15 21:00:00,930.2013889000001
ts1,2021-04-15 22:00:00,723.1130555999999
ts1,2021-04-15 23:00:00,655.0947222
ts1,2021-04-16 00:00:00,727.2408333
ts1,2021-04-16 01:00:00,659.8438888999999
ts1,2021-04-16 02:00:00,654.1116667
ts1,2021-04-16 03:00:00,686.2386111000001
ts1,2021-04-16 04:00:00,631.3763888999999
ts1,2021-04-16 05:00:00,658.5669444
ts1,2021-04-16 06:00:00,654.9677778
ts1,2021-04-16 07:00:00,647.5788888999999
ts1,2021-04-16 08:00:00,684.4130556
ts1,2021-04-16 09:00:00,640.0863889
ts1,2021-04-16 10:00:00,641.6494444
ts1,2021-04-16 11:00:00,647.1702778
ts1,2021-04-16 12:00:00,664.1291667
ts1,2021-04-16 13:00:00,651.6425
ts1,2021-04-16 14:00:00,663.1552778
ts1,2021-04-16 15:00:00,708.8733333
ts1,2021-04-16 16:00:00,627.4794444
ts1,2021-04-16 17:00:00,642.7375
ts1,2021-04-16 18:00:00,744.3919444
ts1,2021-04-16 19:00:00,699.7552778
ts1,2021-04-16 20:00:00,686.5125
ts1,2021-04-16 21:00:00,927.6711111
ts1,2021-04-16 22:00:00,704.3877778
ts1,2021-04-16 23:00:00,634.8525
ts1,2021-04-17 00:00:00,674.1761111000001
ts1,2021-04-17 01:00:00,644.2833333
ts1,2021-04-17 02:00:00,651.5836111000001
ts1,2021-04-17 03:00:00,632.9197222
ts1,2021-04-17 04:00:00,591.9783332999999
ts1,2021-04-17 05:00:00,605.3447222
ts1,2021-04-17 06:00:00,566.54
ts1,2021-04-17 07:00:00,575.2413889
ts1,2021-04-17 08:00:00,612.3138888999999
ts1,2021-04-17 09:00:00,571.4516667
ts1,2021-04-17 10:00:00,566.2038888999999
ts1,2021-04-17 11:00:00,594.3694444
ts1,2021-04-17 12:00:00,602.7086111000001
ts1,2021-04-17 13:00:00,584.7597222
ts1,2021-04-17 14:00:00,604.1841667
ts1,2021-04-17 15:00:00,617.0205556
ts1,2021-04-17 16:00:00,561.1772222
ts1,2021-04-17 17:00:00,570.0225
ts1,2021-04-17 18:00:00,692.0158332999999
ts1,2021-04-17 19:00:00,629.2175
ts1,2021-04-17 20:00:00,620.7380555999999
ts1,2021-04-17 21:00:00,843.3180556
ts1,2021-04-17 22:00:00,671.3047222
ts1,2021-04-17 23:00:00,585.7522222
ts1,2021-04-18 00:00:00,662.9586111000001
ts1,2021-04-18 01:00:00,511.7286111
ts1,2021-04-18 02:00:00,623.675
ts1,2021-04-18 03:00:00,621.4925
ts1,2021-04-18 04:00:00,625.5533333
ts1,2021-04-18 05:00:00,625.7219444
ts1,2021-04-18 06:00:00,609.6236111000001
ts1,2021-04-18 07:00:00,585.5508332999999
ts1,2021-04-18 08:00:00,603.4538888999999
ts1,2021-04-18 09:00:00,580.4791667000001
ts1,2021-04-18 10:00:00,548.8108333
ts1,2021-04-18 11:00:00,553.9122222
ts1,2021-04-18 12:00:00,559.0333333
ts1,2021-04-18 13:00:00,536.6877778
ts1,2021-04-18 14:00:00,586.6463888999999
ts1,2021-04-18 15:00:00,647.9961111
ts1,2021-04-18 16:00:00,573.3408333
ts1,2021-04-18 17:00:00,584.6813889
ts1,2021-04-18 18:00:00,679.2677778
ts1,2021-04-18 19:00:00,652.7369444
ts1,2021-04-18 20:00:00,628.67
ts1,2021-04-18 21:00:00,873.3297222000001
ts1,2021-04-18 22:00:00,667.8633332999999
ts1,2021-04-18 23:00:00,569.8072222
ts1,2021-04-19 00:00:00,682.3777778
ts1,2021-04-19 01:00:00,633.0711111
ts1,2021-04-19 02:00:00,653.7586111
ts1,2021-04-19 03:00:00,676.3386111000001
ts1,2021-04-19 04:00:00,647.4525
ts1,2021-04-19 05:00:00,672.6469444
ts1,2021-04-19 06:00:00,679.4869444
ts1,2021-04-19 07:00:00,708.4847222
ts1,2021-04-19 08:00:00,759.645
ts1,2021-04-19 09:00:00,757.3211111
ts1,2021-04-19 10:00:00,701.9127778
ts1,2021-04-19 11:00:00,712.4363889
ts1,2021-04-19 12:00:00,693.3858333
ts1,2021-04-19 13:00:00,719.7552778
ts1,2021-04-19 14:00:00,752.7986111
ts1,2021-04-19 15:00:00,807.3925
ts1,2021-04-19 16:00:00,737.1744444
ts1,2021-04-19 17:00:00,767.1608332999999
ts1,2021-04-19 18:00:00,849.0516667000002
ts1,2021-04-19 19:00:00,773.1025
ts1,2021-04-19 20:00:00,678.3752778
ts1,2021-04-19 21:00:00,935.3330556
ts1,2021-04-19 22:00:00,713.4711111
ts1,2021-04-19 23:00:00,667.3013889
ts1,2021-04-20 00:00:00,745.4961111
ts1,2021-04-20 01:00:00,671.3747222
ts1,2021-04-20 02:00:00,633.2486111000001
ts1,2021-04-20 03:00:00,638.0683333
ts1,2021-04-20 04:00:00,681.4808333
ts1,2021-04-20 05:00:00,713.9866667
ts1,2021-04-20 06:00:00,722.5097222
ts1,2021-04-20 07:00:00,737.2783333
ts1,2021-04-20 08:00:00,729.1522222
ts1,2021-04-20 09:00:00,683.6483333
ts1,2021-04-20 10:00:00,695.3127778
ts1,2021-04-20 11:00:00,700.0244444
ts1,2021-04-20 12:00:00,736.7772222
ts1,2021-04-20 13:00:00,712.2269444
ts1,2021-04-20 14:00:00,726.2280556
ts1,2021-04-20 15:00:00,773.9833332999999
ts1,2021-04-20 16:00:00,735.0494444
ts1,2021-04-20 17:00:00,721.8472222
ts1,2021-04-20 18:00:00,764.4458333
ts1,2021-04-20 19:00:00,784.1075
ts1,2021-04-20 20:00:00,673.5275
ts1,2021-04-20 21:00:00,757.9922222
ts1,2021-04-20 22:00:00,691.8538888999999
ts1,2021-04-20 23:00:00,685.2527778
ts1,2021-04-21 00:00:00,733.6063889
ts1,2021-04-21 01:00:00,683.8219444
ts1,2021-04-21 02:00:00,632.1086111000001
ts1,2021-04-21 03:00:00,679.8716667
ts1,2021-04-21 04:00:00,667.5461111000001
ts1,2021-04-21 05:00:00,728.0413888999999
ts1,2021-04-21 06:00:00,670.5827778
ts1,2021-04-21 07:00:00,693.6866667
ts1,2021-04-21 08:00:00,717.3063889
ts1,2021-04-21 09:00:00,690.6286111000001
ts1,2021-04-21 10:00:00,708.2463888999999
ts1,2021-04-21 11:00:00,709.5183333
ts1,2021-04-21 12:00:00,730.3797222000001
ts1,2021-04-21 13:00:00,811.9166667000001
ts1,2021-04-21 14:00:00,715.9605556
ts1,2021-04-21 15:00:00,739.9711111
ts1,2021-04-21 16:00:00,706.0569444
ts1,2021-04-21 17:00:00,722.6172222
ts1,2021-04-21 18:00:00,722.5494444
ts1,2021-04-21 19:00:00,746.1713888999999
ts1,2021-04-21 20:00:00,675.2458333
ts1,2021-04-21 21:00:00,960.9866667000001
ts1,2021-04-21 22:00:00,744.5383333
ts1,2021-04-21 23:00:00,683.1994444000001
ts1,2021-04-22 00:00:00,722.0983332999999
ts1,2021-04-22 01:00:00,640.0477778
ts1,2021-04-22 02:00:00,624.6227778
ts1,2021-04-22 03:00:00,629.83
ts1,2021-04-22 04:00:00,645.1961111
ts1,2021-04-22 05:00:00,742.0230556
ts1,2021-04-22 06:00:00,756.4088889
ts1,2021-04-22 07:00:00,710.9536111000001
ts1,2021-04-22 08:00:00,716.7530556
ts1,2021-04-22 09:00:00,814.115
ts1,2021-04-22 10:00:00,681.1383333
ts1,2021-04-22 11:00:00,702.6447222
ts1,2021-04-22 12:00:00,715.5872222
ts1,2021-04-22 13:00:00,659.1841667
ts1,2021-04-22 14:00:00,694.7638889
ts1,2021-04-22 15:00:00,748.8994444
ts1,2021-04-22 16:00:00,687.4063888999999
ts1,2021-04-22 17:00:00,734.6086111000001
ts1,2021-04-22 18:00:00,810.5925
ts1,2021-04-22 19:00:00,741.2394444
ts1,2021-04-22 20:00:00,682.1988888999999
ts1,2021-04-22 21:00:00,953.6119444
ts1,2021-04-22 22:00:00,738.8277778
ts1,2021-04-22 23:00:00,681.8069444
ts1,2021-04-23 00:00:00,713.3319444
ts1,2021-04-23 01:00:00,650.0061111
ts1,2021-04-23 02:00:00,622.2652778
ts1,2021-04-23 03:00:00,612.8425
ts1,2021-04-23 04:00:00,625.3888889
ts1,2021-04-23 05:00:00,673.7491667
ts1,2021-04-23 06:00:00,630.9375
ts1,2021-04-23 07:00:00,655.3180556
ts1,2021-04-23 08:00:00,647.6241667
ts1,2021-04-23 09:00:00,641.3263889
ts1,2021-04-23 10:00:00,625.9052778
ts1,2021-04-23 11:00:00,662.3311111
ts1,2021-04-23 12:00:00,637.0861111
ts1,2021-04-23 13:00:00,604.0344444
ts1,2021-04-23 14:00:00,592.3069444
ts1,2021-04-23 15:00:00,658.6444444
ts1,2021-04-23 16:00:00,627.53
ts1,2021-04-23 17:00:00,644.1111111
ts1,2021-04-23 18:00:00,712.5680556
ts1,2021-04-23 19:00:00,687.2661111000001
ts1,2021-04-23 20:00:00,648.3005555999999
ts1,2021-04-23 21:00:00,908.5347222000001
ts1,2021-04-23 22:00:00,691.9808333
ts1,2021-04-23 23:00:00,623.7872222
ts1,2021-04-24 00:00:00,669.3483332999999
ts1,2021-04-24 01:00:00,619.6941667
ts1,2021-04-24 02:00:00,590.5683333
ts1,2021-04-24 03:00:00,582.9380556
ts1,2021-04-24 04:00:00,596.155
ts1,2021-04-24 05:00:00,653.4719444
ts1,2021-04-24 06:00:00,570.2241667000001
ts1,2021-04-24 07:00:00,585.1133332999999
ts1,2021-04-24 08:00:00,589.4888889
ts1,2021-04-24 09:00:00,588.9194444
ts1,2021-04-24 10:00:00,585.9961111
ts1,2021-04-24 11:00:00,625.1238889
ts1,2021-04-24 12:00:00,539.3175
ts1,2021-04-24 13:00:00,554.1861111000001
ts1,2021-04-24 14:00:00,525.4930555999999
ts1,2021-04-24 15:00:00,542.3069444
ts1,2021-04-24 16:00:00,539.3313889
ts1,2021-04-24 17:00:00,587.0536111
ts1,2021-04-24 18:00:00,656.9702778
ts1,2021-04-24 19:00:00,632.9969444
ts1,2021-04-24 20:00:00,582.3458333
ts1,2021-04-24 21:00:00,882.3758332999998
ts1,2021-04-24 22:00:00,632.2061111
ts1,2021-04-24 23:00:00,639.9025
ts1,2021-04-25 00:00:00,651.2641667
ts1,2021-04-25 01:00:00,576.9030556
ts1,2021-04-25 02:00:00,555.5666667
ts1,2021-04-25 03:00:00,517.7580556
ts1,2021-04-25 04:00:00,587.7344444
ts1,2021-04-25 05:00:00,617.7011111
ts1,2021-04-25 06:00:00,588.4713889
ts1,2021-04-25 07:00:00,614.3058333
ts1,2021-04-25 08:00:00,605.6641667
ts1,2021-04-25 09:00:00,606.1633333
ts1,2021-04-25 10:00:00,590.4727778
ts1,2021-04-25 11:00:00,624.3430556
ts1,2021-04-25 12:00:00,618.795
ts1,2021-04-25 13:00:00,608.1258333
ts1,2021-04-25 14:00:00,604.4813889
ts1,2021-04-25 15:00:00,604.7430555999999
ts1,2021-04-25 16:00:00,565.9655556
ts1,2021-04-25 17:00:00,594.3219444
ts1,2021-04-25 18:00:00,713.5158332999999
ts1,2021-04-25 19:00:00,636.9591667000001
ts1,2021-04-25 20:00:00,593.1994444000001
ts1,2021-04-25 21:00:00,878.6666667000002
ts1,2021-04-25 22:00:00,696.3538888999999
ts1,2021-04-25 23:00:00,668.7744444
ts1,2021-04-26 00:00:00,703.8280556
ts1,2021-04-26 01:00:00,664.9633332999999
ts1,2021-04-26 02:00:00,653.4058332999999
ts1,2021-04-26 03:00:00,648.7930556
ts1,2021-04-26 04:00:00,663.1494444
ts1,2021-04-26 05:00:00,723.7944444
ts1,2021-04-26 06:00:00,683.2783333
ts1,2021-04-26 07:00:00,699.4952777999999
ts1,2021-04-26 08:00:00,773.3772222
ts1,2021-04-26 09:00:00,707.6425
ts1,2021-04-26 10:00:00,694.7438889
ts1,2021-04-26 11:00:00,695.4827778
ts1,2021-04-26 12:00:00,709.2891667
ts1,2021-04-26 13:00:00,701.6058333
ts1,2021-04-26 14:00:00,731.5911111
ts1,2021-04-26 15:00:00,840.805
ts1,2021-04-26 16:00:00,841.9988889
ts1,2021-04-26 17:00:00,1011.871389
ts1,2021-04-26 18:00:00,856.4952777999999
ts1,2021-04-26 19:00:00,787.8761111
ts1,2021-04-26 20:00:00,727.4083333
ts1,2021-04-26 21:00:00,930.3572222000001
ts1,2021-04-26 22:00:00,797.5972222
ts1,2021-04-26 23:00:00,686.9608333
ts1,2021-04-27 00:00:00,770.5158332999999
ts1,2021-04-27 01:00:00,683.1369444000001
ts1,2021-04-27 02:00:00,663.6394444
ts1,2021-04-27 03:00:00,698.0511111000001
ts1,2021-04-27 04:00:00,749.7213889
ts1,2021-04-27 05:00:00,769.4205556
ts1,2021-04-27 06:00:00,750.4830556
ts1,2021-04-27 07:00:00,783.2322222
ts1,2021-04-27 08:00:00,790.1016667
ts1,2021-04-27 09:00:00,756.2791667
ts1,2021-04-27 10:00:00,737.3558333
ts1,2021-04-27 11:00:00,756.4388888999999
ts1,2021-04-27 12:00:00,737.3533332999999
ts1,2021-04-27 13:00:00,736.2586111
ts1,2021-04-27 14:00:00,773.5722222
ts1,2021-04-27 15:00:00,833.9858333
ts1,2021-04-27 16:00:00,789.0569444
ts1,2021-04-27 17:00:00,820.4997222
ts1,2021-04-27 18:00:00,877.4061111
ts1,2021-04-27 19:00:00,889.1577777999998
ts1,2021-04-27 20:00:00,826.1202777999999
ts1,2021-04-27 21:00:00,1040.661389
ts1,2021-04-27 22:00:00,925.2613889
ts1,2021-04-27 23:00:00,750.5322222
ts1,2021-04-28 00:00:00,782.7880556
ts1,2021-04-28 01:00:00,774.7075
ts1,2021-04-28 02:00:00,713.3194444000001
ts1,2021-04-28 03:00:00,752.0563889
ts1,2021-04-28 04:00:00,763.2066667
ts1,2021-04-28 05:00:00,771.7144444
ts1,2021-04-28 06:00:00,759.31
ts1,2021-04-28 07:00:00,757.7086111000001
ts1,2021-04-28 08:00:00,765.7058333
ts1,2021-04-28 09:00:00,762.8636111000001
ts1,2021-04-28 10:00:00,722.815
ts1,2021-04-28 11:00:00,778.6294444
ts1,2021-04-28 12:00:00,746.6494444
ts1,2021-04-28 13:00:00,786.0883332999999
ts1,2021-04-28 14:00:00,756.1738889
ts1,2021-04-28 15:00:00,794.5694444000001
ts1,2021-04-28 16:00:00,761.0011111
ts1,2021-04-28 17:00:00,800.9730556
ts1,2021-04-28 18:00:00,856.8094444
ts1,2021-04-28 19:00:00,928.1491667000001
ts1,2021-04-28 20:00:00,776.32
ts1,2021-04-28 21:00:00,918.5816667000001
ts1,2021-04-28 22:00:00,931.2319444
ts1,2021-04-28 23:00:00,756.8177778
ts1,2021-04-29 00:00:00,857.2852777999999
ts1,2021-04-29 01:00:00,807.3613889
ts1,2021-04-29 02:00:00,766.4280556
ts1,2021-04-29 03:00:00,785.4308333
ts1,2021-04-29 04:00:00,937.6508332999998
ts1,2021-04-29 05:00:00,826.4561111
ts1,2021-04-29 06:00:00,801.3105556
ts1,2021-04-29 07:00:00,799.9911111
ts1,2021-04-29 08:00:00,751.73
ts1,2021-04-29 09:00:00,782.2369444
ts1,2021-04-29 10:00:00,767.3875
ts1,2021-04-29 11:00:00,747.5022222
ts1,2021-04-29 12:00:00,745.3672222
ts1,2021-04-29 13:00:00,679.8305556
ts1,2021-04-29 14:00:00,664.2319444
ts1,2021-04-29 15:00:00,746.68
ts1,2021-04-29 16:00:00,785.8158333
ts1,2021-04-29 17:00:00,800.0613889
ts1,2021-04-29 18:00:00,921.8461110999999
ts1,2021-04-29 19:00:00,750.1591667
ts1,2021-04-29 20:00:00,681.3005555999999
ts1,2021-04-29 21:00:00,941.3247222000001
ts1,2021-04-29 22:00:00,743.4658333
ts1,2021-04-29 23:00:00,673.4583332999999
ts1,2021-04-30 00:00:00,782.5313888999999
ts1,2021-04-30 01:00:00,741.3038889
ts1,2021-04-30 02:00:00,666.1083332999999
ts1,2021-04-30 03:00:00,665.0261111000001
ts1,2021-04-30 04:00:00,671.0380556
ts1,2021-04-30 05:00:00,722.2547222000001
ts1,2021-04-30 06:00:00,674.4913889
ts1,2021-04-30 07:00:00,701.6838888999999
ts1,2021-04-30 08:00:00,697.7644444
ts1,2021-04-30 09:00:00,666.3163889
ts1,2021-04-30 10:00:00,713.7302778
ts1,2021-04-30 11:00:00,719.1991667000001
ts1,2021-04-30 12:00:00,637.3405556
ts1,2021-04-30 13:00:00,646.1497222
ts1,2021-04-30 14:00:00,653.3086111
ts1,2021-04-30 15:00:00,738.7747222
ts1,2021-04-30 16:00:00,707.7572222
ts1,2021-04-30 17:00:00,737.7302778
ts1,2021-04-30 18:00:00,790.4508333
ts1,2021-04-30 19:00:00,760.6897222
ts1,2021-04-30 20:00:00,690.6588889
ts1,2021-04-30 21:00:00,960.5461111
ts1,2021-04-30 22:00:00,755.1786111
ts1,2021-04-30 23:00:00,686.6111111
ts1,2021-05-01 00:00:00,757.5044444
ts1,2021-05-01 01:00:00,712.4258332999999
ts1,2021-05-01 02:00:00,643.2797222
ts1,2021-05-01 03:00:00,665.9255555999999
ts1,2021-05-01 04:00:00,630.2586111
ts1,2021-05-01 05:00:00,688.9613889
ts1,2021-05-01 06:00:00,582.7375
ts1,2021-05-01 07:00:00,602.4666667
ts1,2021-05-01 08:00:00,579.4638888999999
ts1,2021-05-01 09:00:00,578.7430555999999
ts1,2021-05-01 10:00:00,585.7225
ts1,2021-05-01 11:00:00,612.8722222
ts1,2021-05-01 12:00:00,551.5458332999999
ts1,2021-05-01 13:00:00,556.6841667
ts1,2021-05-01 14:00:00,560.5594444
ts1,2021-05-01 15:00:00,561.8963888999999
ts1,2021-05-01 16:00:00,562.52
ts1,2021-05-01 17:00:00,589.6536111
ts1,2021-05-01 18:00:00,678.0052778
ts1,2021-05-01 19:00:00,641.4180556
ts1,2021-05-01 20:00:00,578.7822222
ts1,2021-05-01 21:00:00,816.4327777999999
ts1,2021-05-01 22:00:00,650.3508333
ts1,2021-05-01 23:00:00,565.5319444
ts1,2021-05-02 00:00:00,679.0327778
ts1,2021-05-02 01:00:00,613.3227778
ts1,2021-05-02 02:00:00,600.4491667000001
ts1,2021-05-02 03:00:00,568.5730556
ts1,2021-05-02 04:00:00,585.7263889
ts1,2021-05-02 05:00:00,613.2108333
ts1,2021-05-02 06:00:00,559.6133332999999
ts1,2021-05-02 07:00:00,586.8138888999999
ts1,2021-05-02 08:00:00,566.2744444
ts1,2021-05-02 09:00:00,559.5591667
ts1,2021-05-02 10:00:00,583.2466667
ts1,2021-05-02 11:00:00,606.1736111
ts1,2021-05-02 12:00:00,539.1119444
ts1,2021-05-02 13:00:00,594.7305556
ts1,2021-05-02 14:00:00,548.6294444
ts1,2021-05-02 15:00:00,575.2219444
ts1,2021-05-02 16:00:00,589.6433333
ts1,2021-05-02 17:00:00,596.0347222
ts1,2021-05-02 18:00:00,698.9391667
ts1,2021-05-02 19:00:00,634.0547222
ts1,2021-05-02 20:00:00,626.4622222
ts1,2021-05-02 21:00:00,896.6280556
ts1,2021-05-02 22:00:00,650.2766667000001
ts1,2021-05-02 23:00:00,602.3547222
ts1,2021-05-03 00:00:00,689.2969444
ts1,2021-05-03 01:00:00,642.9488888999999
ts1,2021-05-03 02:00:00,594.2261111
ts1,2021-05-03 03:00:00,620.5466667000001
ts1,2021-05-03 04:00:00,610.455
ts1,2021-05-03 05:00:00,647.8108333
ts1,2021-05-03 06:00:00,634.8044444
ts1,2021-05-03 07:00:00,641.1783333
ts1,2021-05-03 08:00:00,672.5530556
ts1,2021-05-03 09:00:00,646.3997222
ts1,2021-05-03 10:00:00,618.7525
ts1,2021-05-03 11:00:00,628.1488889
ts1,2021-05-03 12:00:00,635.1866667
ts1,2021-05-03 13:00:00,655.1722222
ts1,2021-05-03 14:00:00,623.6322222
ts1,2021-05-03 15:00:00,674.33
ts1,2021-05-03 16:00:00,682.1613888999999
ts1,2021-05-03 17:00:00,682.8469444
ts1,2021-05-03 18:00:00,788.4577778
ts1,2021-05-03 19:00:00,732.5438889
ts1,2021-05-03 20:00:00,655.7263889
ts1,2021-05-03 21:00:00,905.9869444
ts1,2021-05-03 22:00:00,745.0930556
ts1,2021-05-03 23:00:00,653.6527778
ts1,2021-05-04 00:00:00,763.5719444
ts1,2021-05-04 01:00:00,627.665
ts1,2021-05-04 02:00:00,651.4911111
ts1,2021-05-04 03:00:00,649.6011111
ts1,2021-05-04 04:00:00,655.8183333
ts1,2021-05-04 05:00:00,676.0744444000001
ts1,2021-05-04 06:00:00,681.5866667
ts1,2021-05-04 07:00:00,644.3025
ts1,2021-05-04 08:00:00,549.9561111
ts1,2021-05-04 09:00:00,609.0466667000001
ts1,2021-05-04 10:00:00,626.3422222
ts1,2021-05-04 11:00:00,650.4697222
ts1,2021-05-04 12:00:00,636.0358332999999
ts1,2021-05-04 13:00:00,622.7058333
ts1,2021-05-04 14:00:00,641.3941667
ts1,2021-05-04 15:00:00,738.6347222
ts1,2021-05-04 16:00:00,716.0244444
ts1,2021-05-04 17:00:00,755.3488888999999
ts1,2021-05-04 18:00:00,810.2019444
ts1,2021-05-04 19:00:00,779.0444444
ts1,2021-05-04 20:00:00,701.3447222
ts1,2021-05-04 21:00:00,769.0630556
ts1,2021-05-04 22:00:00,702.6097222
ts1,2021-05-04 23:00:00,676.9588888999999
ts1,2021-05-05 00:00:00,756.1186111000001
ts1,2021-05-05 01:00:00,677.8419444
ts1,2021-05-05 02:00:00,667.5627778
ts1,2021-05-05 03:00:00,695.0852778
ts1,2021-05-05 04:00:00,683.9775
ts1,2021-05-05 05:00:00,746.6408332999999
ts1,2021-05-05 06:00:00,720.9675
ts1,2021-05-05 07:00:00,696.3225
ts1,2021-05-05 08:00:00,720.3911111000001
ts1,2021-05-05 09:00:00,669.3716667
ts1,2021-05-05 10:00:00,680.4852778
ts1,2021-05-05 11:00:00,691.9263889
ts1,2021-05-05 12:00:00,689.0975
ts1,2021-05-05 13:00:00,663.4966667
ts1,2021-05-05 14:00:00,691.4136111
ts1,2021-05-05 15:00:00,786.0177778
ts1,2021-05-05 16:00:00,755.6261111
ts1,2021-05-05 17:00:00,758.0458332999999
ts1,2021-05-05 18:00:00,834.8213889
ts1,2021-05-05 19:00:00,722.9866667
ts1,2021-05-05 20:00:00,684.4452778
ts1,2021-05-05 21:00:00,948.0311111
ts1,2021-05-05 22:00:00,754.0166667000001
ts1,2021-05-05 23:00:00,686.7386111000001
ts1,2021-05-06 00:00:00,717.6502778
ts1,2021-05-06 01:00:00,746.8361111
ts1,2021-05-06 02:00:00,691.6880556
ts1,2021-05-06 03:00:00,694.8047222
ts1,2021-05-06 04:00:00,714.1705556
ts1,2021-05-06 05:00:00,743.7047222
ts1,2021-05-06 06:00:00,727.0266667000001
ts1,2021-05-06 07:00:00,739.5086111
ts1,2021-05-06 08:00:00,709.4066667000001
ts1,2021-05-06 09:00:00,737.2930556
ts1,2021-05-06 10:00:00,858.2066667000001
ts1,2021-05-06 11:00:00,703.2616667000001
ts1,2021-05-06 12:00:00,656.9188889
ts1,2021-05-06 13:00:00,679.0811111
ts1,2021-05-06 14:00:00,640.4394444
ts1,2021-05-06 15:00:00,697.5969444
ts1,2021-05-06 16:00:00,647.4088889
ts1,2021-05-06 17:00:00,695.3305556
ts1,2021-05-06 18:00:00,675.8205882
